Disc,TrackStart,TrackEnd,Work,Composer,Conductor,Orchestra,Year,Movements
1,1,4,"Symphonie espagnole in D minor, op. 21",√âdouard Lalo,Eugene Ormandy,The Philadelphia Orchestra,1944,4
1,5,5,Prince Igor: Polovtsian Dances,–ê–ª–µ–∫—Å–∞–Ω–¥—Ä –ü–æ—Ä—Ñ–∏—Ä—å–µ–≤–∏—á –ë–æ—Ä–æ–¥–∏–Ω,Eugene Ormandy,The Philadelphia Orchestra,1944,1
1,6,6,Ancient Airs and Dances Suite no. 3,Ottorino Respighi,Eugene Ormandy,The Philadelphia Orchestra,1946,1
1,7,7,Orph√©e et Eurydice: M√©lodie,Christoph Willibald Gluck,Eugene Ormandy,The Philadelphia Orchestra,1949,1
1,8,8,Dichter und Bauer,Franz von Supp√©,Eugene Ormandy,The Philadelphia Orchestra,1950,1
2,1,4,My Country at War,Harl McDonald,Eugene Ormandy,The Philadelphia Orchestra,1944,4
2,5,7,Sea Chanty,Paul White,Eugene Ormandy,The Philadelphia Orchestra,1945,3
2,8,8,"Serenade for Flute, Harp and String Orchestra, op. 35: Andante con moto (ùÖòùÖ• = 69-72)",Howard Hanson,Eugene Ormandy,The Philadelphia Orchestra,1947,1
2,9,9,Night Soliloquy: Largo (ùÖòùÖ• = 50),Kent Kennan,Eugene Ormandy,The Philadelphia Orchestra,1950,1
3,1,4,"Symphony no. 7 in A major, op. 92",Ludwig van Beethoven,Eugene Ormandy,The Philadelphia Orchestra,1944,4
3,5,8,"Sinfonie Nr. 4 e-Moll, op. 98",Johannes Brahms,Eugene Ormandy,The Philadelphia Orchestra,1944,4
4,1,4,"Concerto for Piano and Orchestra no. 2 in B-flat major, op. 83",Johannes Brahms,Eugene Ormandy,The Philadelphia Orchestra,"1943, 1945",4
4,5,7,"Concerto for Piano and Orchestra in A minor, op. 54",Robert Schumann,Eugene Ormandy,The Philadelphia Orchestra,1946,3
5,1,3,"Konzert f√ºr Violine und Orchester D-Dur, op. 77",Johannes Brahms,Eugene Ormandy,The Philadelphia Orchestra,1945,3
6,1,1,"The Red Poppy Suite, op. 70",–†–µ–π–Ω–≥–æ–ª—å–¥ –ú–æ—Ä–∏—Ü–µ–≤–∏—á –ì–ª–∏—ç—Ä,Saul Caston,The Philadelphia Orchestra,1945,1
6,2,2,Malazarte: Batuque,Eugene Ormandy,Saul Caston,The Philadelphia Orchestra,1945,1
6,3,3,"Three Dances from ""The Bartered Bride""",Bed≈ôich Smetana,Eugene Ormandy,The Philadelphia Orchestra,1945,1
6,4,4,"Slawische T√§nze, op. 72, B. 147",Anton√≠n Dvo≈ô√°k,Eugene Ormandy,The Philadelphia Orchestra,1945,1
6,5,5,"21 Hungarian Dances for Orchestra, WoO 1",Johannes Brahms,Eugene Ormandy,The Philadelphia Orchestra,1945,1
6,6,6,"Wein, Weib ung Gesang, op. 333 (Waltz)",Johann Strauss,Eugene Ormandy,The Philadelphia Orchestra,1945,1
6,7,7,"La Damoiselle √©lue, L 62",Claude Debussy,Eugene Ormandy,The Philadelphia Orchestra,1947,1
7,1,2,"Nocturnes, L. 91, CD 98",Claude Debussy,Eugene Ormandy,The Philadelphia Orchestra,1944,2
7,3,6,"Pini di Roma, P 141",Ottorino Respighi,Eugene Ormandy,The Philadelphia Orchestra,1946,4
8,1,3,"Cello Concerto in B minor, op. 104",Anton√≠n Dvo≈ô√°k,Eugene Ormandy,The Philadelphia Orchestra,1946,3
8,4,4,"Kol Nidrei, op. 47. Adagio ma non troppo - Un poco pi√π animato",Max Bruch,Eugene Ormandy,The Philadelphia Orchestra,1947,1
9,1,4,"Symfonie ƒç. 9 e moll, op. 95 ‚ÄûZ Nov√©ho svƒõta‚Äú",Anton√≠n Dvo≈ô√°k,Eugene Ormandy,The Philadelphia Orchestra,1944,4
10,1,3,Symphonie en r√© mineur op. 48,C√©sar Franck,Eugene Ormandy,The Philadelphia Orchestra,1945,3
11,1,1,"Der Rosenkavalier, Concert Suite for Orchestra, TrV 227d: Prelude to Act I. Con moto agitato - attacca / Presentation of the Silver Rose. Allegro molto - attacca / Baron Ochs's Waltz. Tempo di valse, assai comodo da primo - attacca / Closing Duet: ‚ÄúIst ein Traum‚Äù. Moderato molto sostenuto - attacca / Waltz (Reprise)",Richard Strauss,Eugene Ormandy,The Philadelphia Orchestra,1947,1
11,2,5,"Tod und Verkl√§rung, op. 24",Richard Strauss,Eugene Ormandy,The Philadelphia Orchestra,1944,4
11,6,6,Salome,Richard Strauss,Eugene Ormandy,The Philadelphia Orchestra,1947,1
12,1,4,"Symphony no. 4 in F minor, op. 36",–ü—ë—Ç—Ä –ò–ª—å–∏—á –ß–∞–π–∫–æ–≤—Å–∫–∏–π,Eugene Ormandy,The Philadelphia Orchestra,1947,4
12,5,8,"Serenade for Strings in C major, op. 48",–ü—ë—Ç—Ä –ò–ª—å–∏—á –ß–∞–π–∫–æ–≤—Å–∫–∏–π,Eugene Ormandy,The Philadelphia Orchestra,1946,4
13,1,3,"Concerto for Piano and Orchestra no. 4 in G major, op. 58",Ludwig van Beethoven,Eugene Ormandy,The Philadelphia Orchestra,1947,3
13,4,4,"Piano Concerto for the Left Hand in D major, M 82: Lento - Andante - Allegro - Tempo I",Maurice Ravel,Eugene Ormandy,The Philadelphia Orchestra,1947,1
14,1,4,"Sinfonie Nr. 3 F-Dur, op. 90",Johannes Brahms,Eugene Ormandy,The Philadelphia Orchestra,1946,4
14,5,14,"Variations on a Theme by Joseph Haydn, op. 56a",Johannes Brahms,Eugene Ormandy,The Philadelphia Orchestra,1946,10
14,15,15,"Les Pr√©ludes, S 97",Franz Liszt,Eugene Ormandy,The Philadelphia Orchestra,1946,1
15,1,4,"Scheherazade, op. 35",–ù–∏–∫–æ–ª–∞–π –ê–Ω–¥—Ä–µ–µ–≤–∏—á –†–∏–º—Å–∫–∏–π‚Äê–ö–æ—Ä—Å–∞–∫–æ–≤,Eugene Ormandy,The Philadelphia Orchestra,1947,4
16,1,3,"Concerto for Piano and Orchestra no. 1 in B-flat minor, op. 23",–ü—ë—Ç—Ä –ò–ª—å–∏—á –ß–∞–π–∫–æ–≤—Å–∫–∏–π,Eugene Ormandy,The Philadelphia Orchestra,1947,3
16,4,4,Rhapsody in Blue,George Gershwin,Eugene Ormandy,The Philadelphia Orchestra,1945,1
17,1,5,"Symphony no. 9 in D minor, op. 125 ‚ÄúChoral‚Äù",Ludwig van Beethoven,Eugene Ormandy,The Philadelphia Orchestra,1945,5
18,1,4,"Sinfonia nro 2 D-duuri, op. 43",Jean Sibelius,Eugene Ormandy,The Philadelphia Orchestra,1947,4
19,1,4,"Peer Gynt Suite no. 1, op. 46",Edvard Grieg,Eugene Ormandy,The Philadelphia Orchestra,1947,4
19,5,6,"6 Hungarian Rhapsodies for Orchestra, S. 359",Franz Liszt,Eugene Ormandy,The Philadelphia Orchestra,1946-47,2
20,1,1,Die Fledermaus,Johann Strauss,Eugene Ormandy,The Philadelphia Orchestra,1947,1
20,2,2,Der Zigeunerbaron,Johann Strauss,Eugene Ormandy,The Philadelphia Orchestra,1947,1
20,3,3,"An der sch√∂nen blauen Donau, op. 314 (Waltz)",Johann Strauss,Eugene Ormandy,The Philadelphia Orchestra,1947,1
20,4,4,"Geschichten aus dem Wienerwald, op. 325 (Waltz)",Johann Strauss,Eugene Ormandy,The Philadelphia Orchestra,1947,1
20,5,5,–†—É—Å–ª–∞–Ω –∏ –õ—é–¥–º–∏–ª–∞,–ú–∏—Ö–∞–∏–ª –ò–≤–∞–Ω–æ–≤–∏—á –ì–ª–∏–Ω–∫–∞,Eugene Ormandy,The Philadelphia Orchestra,1946,1
20,6,6,"Aufforderung zum Tanz, op. 65",Carl Maria von Weber,Eugene Ormandy,The Philadelphia Orchestra,1947,1
20,7,7,Der Freisch√ºtz,Carl Maria von Weber,Eugene Ormandy,The Philadelphia Orchestra,1946,1
20,8,8,Schwanda the Bagpiper (≈†vanda dud√°k): Polka and Fugue,Jarom√≠r Weinberger,Eugene Ormandy,The Philadelphia Orchestra,1944,1
21,1,4,"–°–∫–∏—Ñ—Å–∫–∞—è —Å—é–∏—Ç–∞, —Å–æ—á. 20",–°–µ—Ä–≥–µ–π –°–µ—Ä–≥–µ–µ–≤–∏—á –ü—Ä–æ–∫–æ—Ñ—å–µ–≤,Eugene Ormandy,The Philadelphia Orchestra,1947,4
21,5,8,"Feste romane, P. 157",Ottorino Respighi,Eugene Ormandy,The Philadelphia Orchestra,1946,4
22,1,1,"Passacaglia and Fugue in C minor, BWV 582",Johann Sebastian Bach,Eugene Ormandy,The Philadelphia Orchestra,1946,1
22,2,2,"Toccata and Fugue in D minor, BWV 565",Johann Sebastian Bach,Eugene Ormandy,The Philadelphia Orchestra,1947,1
22,3,3,"‚ÄúHerz und Mund und Tat und Leben‚Äù, BWV 147: Jesus bleibet meine Freude",Johann Sebastian Bach,Eugene Ormandy,The Philadelphia Orchestra,1947,1
22,4,4,"Wachet auf, ruft uns die Stimme, BWV 645",Johann Sebastian Bach,Eugene Ormandy,The Philadelphia Orchestra,1947,1
22,5,5,"Water Music, HWV 348-350: I. Allegro",Eugene Ormandy,Eugene Ormandy,The Philadelphia Orchestra,1946,1
22,6,6,"Water Music, HWV 348-350: II. Andante",Eugene Ormandy,Eugene Ormandy,The Philadelphia Orchestra,1946,1
22,7,7,"Water Music, HWV 348-350: III. Allegro",Eugene Ormandy,Eugene Ormandy,The Philadelphia Orchestra,1946,1
22,8,8,"Water Music, HWV 348-350: IV. Air",Eugene Ormandy,Eugene Ormandy,The Philadelphia Orchestra,1946,1
22,9,9,"Water Music, HWV 348-350: V. Bourr√©e",Eugene Ormandy,Eugene Ormandy,The Philadelphia Orchestra,1946,1
22,10,10,"Water Music Suite no. 1 in F major, HWV 348",George Frideric Handel,Eugene Ormandy,The Philadelphia Orchestra,1946,1
22,11,11,"Water Music, HWV 348-350: VII. Allegro deciso",Eugene Ormandy,Eugene Ormandy,The Philadelphia Orchestra,1946,1
22,12,12,"Concerto for Trumpets and Horns in D major, HWV 335a: I. Largo / III. Allegro ma non troppo / II. Allegro",George Frideric Handel,Eugene Ormandy,The Philadelphia Orchestra,1945,1
22,13,15,Suite for Strings,Arcangelo Corelli,Eugene Ormandy,The Philadelphia Orchestra,1947,3
23,1,3,Nobilissima visione,Paul Hindemith,Eugene Ormandy,The Philadelphia Orchestra,1947,3
23,4,7,Symphonic Metamorphosis after Themes by Carl Maria von Weber,Paul Hindemith,George Szell,The Cleveland Orchestra,1947,4
24,1,3,"Piano Concerto no. 3 in E major, Sz. 119, BB 127",B√©la Bart√≥k,Eugene Ormandy,The Philadelphia Orchestra,1946,3
24,4,4,"Symphony no. 21 in F-sharp minor, op. 51: Andante sostenuto - Allegro non troppo, ma con impeto - Poco meno mosso (quasi Andante) - Allegro I - Pi√π vivo e poco agitato - Pi√π largamente (quasi Andante) - Allegro I - Poco meno moss (quasi Andante) - Tempo I",–ù–∏–∫–æ–ª–∞–π –Ø–∫–æ–≤–ª–µ–≤–∏—á –ú—è—Å–∫–æ–≤—Å–∫–∏–π,Eugene Ormandy,The Philadelphia Orchestra,1947,1
25,1,7,"Alexander Nevsky, op. 78",–°–µ—Ä–≥–µ–π –°–µ—Ä–≥–µ–µ–≤–∏—á –ü—Ä–æ–∫–æ—Ñ—å–µ–≤,Eugene Ormandy,The Philadelphia Orchestra,1945,7
25,8,11,"Symphony no. 1 in D major, op. 25 ‚ÄúClassical‚Äù",–°–µ—Ä–≥–µ–π –°–µ—Ä–≥–µ–µ–≤–∏—á –ü—Ä–æ–∫–æ—Ñ—å–µ–≤,Eugene Ormandy,The Philadelphia Orchestra,1946,4
25,12,12,"Russian Easter Festival, op. 36",–ù–∏–∫–æ–ª–∞–π –ê–Ω–¥—Ä–µ–µ–≤–∏—á –†–∏–º—Å–∫–∏–π‚Äê–ö–æ—Ä—Å–∞–∫–æ–≤,Eugene Ormandy,The Philadelphia Orchestra,1946,1
26,1,3,"Concerto for Violin and Orchestra in D major, op. 35",–ü—ë—Ç—Ä –ò–ª—å–∏—á –ß–∞–π–∫–æ–≤—Å–∫–∏–π,Alexander Hilsberg,The Philadelphia Orchestra,1949,3
26,4,6,"Cello Concerto no. 1 in A minor, op. 33",Camille Saint‚ÄêSa√´ns,Alexander Hilsberg,The Philadelphia Orchestra,1949,3
27,1,3,Louisiana Story Suite,Virgil Thomson,Eugene Ormandy,The Philadelphia Orchestra,1949,3
27,4,8,5 Portraits,Virgil Thomson,Virgil Thomson,The Philadelphia Orchestra,1945,5
27,9,11,"Three Fragments from ""Wozzeck""",Alban Berg,Eugene Ormandy,The Philadelphia Orchestra,1947,3
27,12,15,Children's Symphony,Harl McDonald,Harl McDonald,The Philadelphia Orchestra,1950,4
27,16,16,The Wonderful One-Hoss Shay,Max Brand,Eugene Ormandy,The Philadelphia Orchestra,1950,1
28,1,4,"Symphony no. 101 in D major, Hob. I:101 ‚ÄúClock‚Äù",Joseph Haydn,Eugene Ormandy,The Philadelphia Orchestra,1949,4
28,5,8,"Symphony no. 92 in G major, Hob. I:92 ""Oxford""",Joseph Haydn,George Szell,The Cleveland Orchestra,1949,4
28,9,12,"Symphony no. 88 in G major, Hob. I:88",Joseph Haydn,Eugene Ormandy,The Philadelphia Orchestra,1947,4
29,1,4,Rapsodie espagnole,Maurice Ravel,Eugene Ormandy,The Philadelphia Orchestra,1950,4
29,5,10,H√°ry J√°nos Suite,Kod√°ly Zolt√°n,Eugene Ormandy,The Philadelphia Orchestra,1946,6
30,1,3,"Daphnis et Chlo√©, Suite no. 1",Maurice Ravel,Eugene Ormandy,The Philadelphia Orchestra,1950,3
30,4,6,"Daphnis et Chlo√©, Suite no. 2",Maurice Ravel,Eugene Ormandy,The Philadelphia Orchestra,1949,3
30,7,7,"Verkl√§rte Nacht, op. 4 (1943 version for string orchestra): Grave - Molto rallentando - Pesante - Adagio - Adagio",Arnold Sch√∂nberg,Eugene Ormandy,The Philadelphia Orchestra,1950,1
31,1,1,"Pr√©lude √† l'apr√®s-midi d'un faune, L 86: Tr√®s mod√©r√©",Claude Debussy,Eugene Ormandy,The Philadelphia Orchestra,1947,1
31,2,2,Fantasia,Paul Dukas,Eugene Ormandy,The Philadelphia Orchestra,,1
31,3,3,Concertino for Piano and Orchestra: Allegro molto moderato - Larghetto sostenuto - Allegro,Arthur Honegger,Fritz Reiner,Columbia Symphony Orchestra,1949,1
31,4,4,"Finlandia, op. 26: Andante sostenuto - Allegro moderato - Allegro",Jean Sibelius,Eugene Ormandy,The Philadelphia Orchestra,1950,1
31,5,5,"Lemmink√§is-sarja (Nelj√§ legendaa), op. 22",Jean Sibelius,Eugene Ormandy,The Philadelphia Orchestra,1950,1
31,6,6,"Pr√©lude in C-sharp minor, op. 3/2: Lento",–°–µ—Ä–≥–µ–π –í–∞—Å–∏–ª—å–µ–≤–∏—á –†–∞—Ö–º–∞–Ω–∏–Ω–æ–≤,Eugene Ormandy,The Philadelphia Orchestra,1950,1
31,7,7,"Pr√©lude in G major, op. 32/5: Moderato",–°–µ—Ä–≥–µ–π –í–∞—Å–∏–ª—å–µ–≤–∏—á –†–∞—Ö–º–∞–Ω–∏–Ω–æ–≤,Eugene Ormandy,The Philadelphia Orchestra,1950,1
31,8,8,"Pr√©lude in G minor, op. 23/5: Alla marcia",–°–µ—Ä–≥–µ–π –í–∞—Å–∏–ª—å–µ–≤–∏—á –†–∞—Ö–º–∞–Ω–∏–Ω–æ–≤,Eugene Ormandy,The Philadelphia Orchestra,1950,1
32,1,3,"Symphony no. 6 in E-flat minor, op. 111",–°–µ—Ä–≥–µ–π –°–µ—Ä–≥–µ–µ–≤–∏—á –ü—Ä–æ–∫–æ—Ñ—å–µ–≤,Eugene Ormandy,The Philadelphia Orchestra,1950,3
33,1,9,Die Fledermaus,Johann Strauss,Eugene Ormandy,Metropolitan Opera Orchestra,1950,9
34,1,3,Die Fledermaus,Johann Strauss,Eugene Ormandy,Metropolitan Opera Orchestra,1950,3
34,4,4,"Die Fledermaus: Act II. Ballet: Roses from the South, op. 388",Johann Strauss,Eugene Ormandy,Metropolitan Opera Orchestra,1950,1
34,5,5,Die Fledermaus,Johann Strauss,Eugene Ormandy,Metropolitan Opera Orchestra,1950,1
34,6,6,Die Fledermaus: Akt III,Johann Strauss,Eugene Ormandy,Metropolitan Opera Orchestra,1950,1
34,7,10,Die Fledermaus,Johann Strauss,Eugene Ormandy,Metropolitan Opera Orchestra,1950,4
35,1,3,"Concerto for Violin and Orchestra in D major, op. 61",Ludwig van Beethoven,Eugene Ormandy,The Philadelphia Orchestra,1950,3
35,4,4,"Po√®me, op. 25: Lento e misterioso - Molto animato - Animato - Poco lento - Poco meno lento - Allegro - Tempo I - Tranquillo",Ernest Chausson,Eugene Ormandy,The Philadelphia Orchestra,1950,1
36,1,3,"Concerto for Piano and Orchestra no. 5 in E-flat major, op. 73 ‚ÄúEmperor‚Äù",Ludwig van Beethoven,Eugene Ormandy,The Philadelphia Orchestra,1950,3
36,4,6,"Concerto for Piano no. 20 in D minor, K. 466",Wolfgang Amadeus Mozart,Eugene Ormandy,The Philadelphia Orchestra,1951,3
37,1,4,"Symphony no. 5 in E minor, op. 64",–ü—ë—Ç—Ä –ò–ª—å–∏—á –ß–∞–π–∫–æ–≤—Å–∫–∏–π,Eugene Ormandy,The Philadelphia Orchestra,1950,4
38,1,4,Symphony no. 3,William Schuman,Eugene Ormandy,The Philadelphia Orchestra,1951,4
38,5,7,"Images pour orchestre, L. 122, CD 118: II. Ib√©ria",Claude Debussy,Eugene Ormandy,The Philadelphia Orchestra,1951,3
39,1,4,"Symphony no. 2 in E minor, op. 27",–°–µ—Ä–≥–µ–π –í–∞—Å–∏–ª—å–µ–≤–∏—á –†–∞—Ö–º–∞–Ω–∏–Ω–æ–≤,Eugene Ormandy,The Philadelphia Orchestra,1951,4
40,1,5,"Symphonie fantastique, op. 14 : √âpisode de la vie d‚Äôun artiste ‚Ä¶ en cinq parties",Hector Berlioz,Eugene Ormandy,The Philadelphia Orchestra,1950,5
41,1,4,"Sinfonie Nr. 1 c-Moll, op. 68",Johannes Brahms,Eugene Ormandy,The Philadelphia Orchestra,1950,4
42,1,4,"Symphony no. 6 in B minor, op. 74 ‚ÄúPath√©tique‚Äù",–ü—ë—Ç—Ä –ò–ª—å–∏—á –ß–∞–π–∫–æ–≤—Å–∫–∏–π,Eugene Ormandy,The Philadelphia Orchestra,1952,4
43,1,1,Eine Nacht in Venedig,Johann Strauss,Eugene Ormandy,The Philadelphia Orchestra,1951,1
43,2,2,"Accelerationen, op. 234 (Waltz)",Johann Strauss,Eugene Ormandy,The Philadelphia Orchestra,1951,1
43,3,3,"Feuerfest!, op. 269 (Polka fran√ßaise)",Josef Strauss,Eugene Ormandy,The Philadelphia Orchestra,1951,1
43,4,4,"Bahn frei!, op. 45 (Polka schnell)",Eduard Strauss,Eugene Ormandy,The Philadelphia Orchestra,1951,1
43,5,5,"Wein, Weib und Gesang, op. 333 (Waltz)",Johann Strauss,Eugene Ormandy,The Philadelphia Orchestra,1951,1
43,6,6,"Perpetuum mobile, op. 257 (Musical Joke)",Johann Strauss,Eugene Ormandy,The Philadelphia Orchestra,1951,1
43,7,7,"Kaiser-Waltzer, op. 437",Johann Strauss,Eugene Ormandy,The Philadelphia Orchestra,1951,1
43,8,8,"Coriolan Overture, op. 62 (Allegro con brio)",Ludwig van Beethoven,Eugene Ormandy,The Philadelphia Orchestra,1951,1
43,9,9,"Egmont, op. 84",Ludwig van Beethoven,Eugene Ormandy,The Philadelphia Orchestra,1951,1
44,1,11,Cakewalk Suite,Louis Moreau Gottschalk,Eugene Ormandy,The Philadelphia Orchestra,1952,11
44,12,18,Fall River Legend,Morton Gould,Dimitri Mitropoulos,New York Philharmonic,1952,7
44,19,22,Fa√ßade: An Entertainment,William Walton,Alexander Hilsberg,The Philadelphia Orchestra,1952,4
44,23,25,Fancy Free,Leonard Bernstein,Alexander Hilsberg,The Philadelphia Orchestra,1952,3
45,1,1,A Trumpet Voluntary in D major,Jeremiah Clarke,Eugene Ormandy,The Philadelphia Orchestra,1952,1
45,2,2,Poem for Flute and Orchestra,Charles Tomlinson Griffes,Eugene Ormandy,The Philadelphia Orchestra,1952,1
45,3,6,"Oboe Concerto no. 3 in G minor, HWV 287",George Frideric Handel,Eugene Ormandy,The Philadelphia Orchestra,1952,4
45,7,7,Concert Piece for Bassoon and String Orchestra,Burrill Phillips,Eugene Ormandy,The Philadelphia Orchestra,1952,1
45,8,9,"Andante e rondo ongarese, op. 35",Carl Maria von Weber,Eugene Ormandy,The Philadelphia Orchestra,1952,2
45,10,10,Larghetto for Horn and Orchestra,Emmanuel Chabrier,Eugene Ormandy,The Philadelphia Orchestra,1952,1
45,11,11,"Romance for Violin and Orchestra no. 2 in F major, op. 50: Adagio cantabile",Ludwig van Beethoven,Eugene Ormandy,The Philadelphia Orchestra,1952,1
45,12,12,"Clarinet Concertino in E-flat major, J. 109, op. 26",Carl Maria von Weber,Eugene Ormandy,The Philadelphia Orchestra,1952,1
46,1,3,"Concerto for Piano and Orchestra no. 1 in E minor, op. 11",Fryderyk Chopin,Eugene Ormandy,The Philadelphia Orchestra,1952,3
47,1,3,"Lemmink√§is-sarja (Nelj√§ legendaa), op. 22",Jean Sibelius,Eugene Ormandy,The Philadelphia Orchestra,1950-51,3
47,4,4,"Lemmink√§inen Suite, op. 22: No. 4: Return of Lemmink√§inen. Allegro con fuoco",Jean Sibelius,Eugene Ormandy,The Philadelphia Orchestra,1951,1
48,1,4,"Symphony no. 45 in F-sharp minor, Hob. I:45 ""Abschiedssymphonie""",Joseph Haydn,Eugene Ormandy,The Philadelphia Orchestra,1952,4
48,5,9,"Symphony no. 7 in C major, Hob. I:7 ‚ÄúLe Midi‚Äù",Joseph Haydn,Eugene Ormandy,The Philadelphia Orchestra,1950,5
49,1,12,Jeanne d'Arc au b√ªcher,Arthur Honegger,Eugene Ormandy,The Philadelphia Orchestra,1952,12
50,1,4,"Concerto for Piano and Orchestra no. 1 in E‚Äêflat major, S. 124",Franz Liszt,Eugene Ormandy,The Philadelphia Orchestra,1952,4
50,5,5,"Fantasia on Hungarian Folk Melodies for Piano and Orchestra, S 123: Andante mesto - Adagio - Allegro molto (Cadenza) -",Franz Liszt,Eugene Ormandy,The Philadelphia Orchestra,1952,1
50,6,6,"Fantasia on Hungarian Folk Melodies for Piano and Orchestra, S 123: Allegro eroico -",Franz Liszt,Eugene Ormandy,The Philadelphia Orchestra,1952,1
50,7,7,"Fantasia on Hungarian Folk Melodies for Piano and Orchestra, S 123: Molto Adagio, quasi Fantasia - Moderato. Fest - Allegretto alla Zingarese - Molto animato - Cadenza -",Franz Liszt,Eugene Ormandy,The Philadelphia Orchestra,1952,1
50,8,8,"Fantasia on Hungarian Folk Melodies for Piano and Orchestra, S 123: Vivace assai - Prestissimo",Franz Liszt,Eugene Ormandy,The Philadelphia Orchestra,1952,1
50,9,11,"Concerto for Piano and Orchestra no. 3 in C minor, op. 37",Ludwig van Beethoven,Eugene Ormandy,The Philadelphia Orchestra,1947,3
51,1,4,"Symphony no. 7 in C-sharp minor, op. 131",–°–µ—Ä–≥–µ–π –°–µ—Ä–≥–µ–µ–≤–∏—á –ü—Ä–æ–∫–æ—Ñ—å–µ–≤,Eugene Ormandy,The Philadelphia Orchestra,1953,4
51,5,5,Romeo and Juliet: Andante non tanto quasi Moderato - Allegro giusto - Moderato assai,–ü—ë—Ç—Ä –ò–ª—å–∏—á –ß–∞–π–∫–æ–≤—Å–∫–∏–π,Eugene Ormandy,The Philadelphia Orchestra,1953,1
51,6,6,"1812 Festival Orchestra, op. 49: Largo - Andante - Allegro giusto - Largo - Allegro vivace",–ü—ë—Ç—Ä –ò–ª—å–∏—á –ß–∞–π–∫–æ–≤—Å–∫–∏–π,Eugene Ormandy,The Philadelphia Orchestra,1951,1
51,7,7,"Slavonic March, op. 31: Moderato in modo di marcia funebre - Pi√π mosso. Allegro - Andante molto maestoso - Allegro risoluto",–ü—ë—Ç—Ä –ò–ª—å–∏—á –ß–∞–π–∫–æ–≤—Å–∫–∏–π,Eugene Ormandy,The Philadelphia Orchestra,1951,1
52,1,1,Die Fledermaus,Johann Strauss,Eugene Ormandy,The Philadelphia Orchestra,1952,1
52,2,2,Pizzicato-Polka,Johann Strauss,Eugene Ormandy,The Philadelphia Orchestra,1952,1
52,3,3,"Unter Donner und Blitz, op. 324 (Polka schnell)",Johann Strauss,Eugene Ormandy,The Philadelphia Orchestra,1952,1
52,4,4,"Tik-Tak-Polka, op. 365 (Polka schnell)",Johann Strauss,Eugene Ormandy,The Philadelphia Orchestra,1952,1
52,5,5,"√Ñgyptischer Marsch, op. 335",Johann Strauss,Eugene Ormandy,The Philadelphia Orchestra,1952,1
52,6,6,Das Spitzentuch der K√∂nigin,Johann Strauss,Eugene Ormandy,The Philadelphia Orchestra,1952,1
52,7,7,"Explosions-Polka, op. 43",Johann Strauss,Eugene Ormandy,The Philadelphia Orchestra,1952,1
52,8,8,"Annen-Polka, op. 117",Johann Strauss,Eugene Ormandy,The Philadelphia Orchestra,1952,1
52,9,9,"Tritsch-Tratsch-Polka, op. 214 (Polka schnell)",Johann Strauss,Eugene Ormandy,The Philadelphia Orchestra,1952,1
52,10,10,"Radetzky-Marsch, op. 228",Johann Strauss,Eugene Ormandy,The Philadelphia Orchestra,1952,1
52,11,11,Waldmeister: Overture,Johann Strauss,Eugene Ormandy,The Philadelphia Orchestra,1953,1
53,1,15,Tableaux d‚Äôune exposition,–ú–æ–¥–µ—Å—Ç –ü–µ—Ç—Ä–æ–≤–∏—á –ú—É—Å–æ—Ä–≥—Å–∫–∏–π,Eugene Ormandy,The Philadelphia Orchestra,,15
53,16,21,"L‚ÄôOiseau de feu, suite de 1919",–ò–≥–æ—Ä—å –§—ë–¥–æ—Ä–æ–≤–∏—á –°—Ç—Ä–∞–≤–∏–Ω—Å–∫–∏–π,Eugene Ormandy,The Philadelphia Orchestra,1953,6
54,1,1,"The Nutcracker (suite from the ballet), op. 71a",–ü—ë—Ç—Ä –ò–ª—å–∏—á –ß–∞–π–∫–æ–≤—Å–∫–∏–π,Eugene Ormandy,The Philadelphia Orchestra,1953,1
54,2,7,"The Nutcracker (suite from the ballet), op. 71a: II. Danses caract√©ristiques",–ü—ë—Ç—Ä –ò–ª—å–∏—á –ß–∞–π–∫–æ–≤—Å–∫–∏–π,Eugene Ormandy,The Philadelphia Orchestra,1953,6
54,8,8,"The Nutcracker (suite from the ballet), op. 71a",–ü—ë—Ç—Ä –ò–ª—å–∏—á –ß–∞–π–∫–æ–≤—Å–∫–∏–π,Eugene Ormandy,The Philadelphia Orchestra,1953,1
54,9,13,"The Sleeping Beauty, op. 66a",–ü—ë—Ç—Ä –ò–ª—å–∏—á –ß–∞–π–∫–æ–≤—Å–∫–∏–π,Eugene Ormandy,The Philadelphia Orchestra,1952,5
55,1,1,"Tristan und Isolde, WWV 90: Akt I",Richard Wagner,Eugene Ormandy,The Philadelphia Orchestra,1952,1
55,2,2,Tristan und Isolde: Liebesnacht,Eugene Ormandy,Eugene Ormandy,The Philadelphia Orchestra,1952,1
55,3,3,"Tristan und Isolde, WWV 90: Akt III, Szene III. ""Kurwenal! H√∂r'! Ein zweites Schiff""",Richard Wagner,Eugene Ormandy,The Philadelphia Orchestra,1952,1
55,4,4,"G√∂tterd√§mmerung, WWV 86D: Akt III, Scene II ""Hoiho?"" - ""Hoiho!""",Richard Wagner,Eugene Ormandy,The Philadelphia Orchestra,1952,1
55,5,5,"G√∂tterd√§mmerung, WWV 86D: Akt III, Scene III ""War das sein Horn?""",Richard Wagner,Eugene Ormandy,The Philadelphia Orchestra,1952,1
56,1,3,Mathis der Maler,Paul Hindemith,Eugene Ormandy,The Philadelphia Orchestra,1952,3
56,4,9,"Konzertmusik f√ºr Streichorchester und Blechbl√§ser, op. 50",Paul Hindemith,Eugene Ormandy,The Philadelphia Orchestra,1953,6
57,1,4,"Sinfonie Nr. 2 D-Dur, op. 73",Johannes Brahms,Eugene Ormandy,The Philadelphia Orchestra,1953,4
58,1,5,"–ö–∞–ø—Ä–∏—á—á–∏–æ –Ω–∞ –∏—Å–ø–∞–Ω—Å–∫–∏–µ —Ç–µ–º—ã, op. 34",–ù–∏–∫–æ–ª–∞–π –ê–Ω–¥—Ä–µ–µ–≤–∏—á –†–∏–º—Å–∫–∏–π‚Äê–ö–æ—Ä—Å–∞–∫–æ–≤,Eugene Ormandy,The Philadelphia Orchestra,1953,5
58,6,6,The Tale of Tsar Saltan: Act III,–ù–∏–∫–æ–ª–∞–π –ê–Ω–¥—Ä–µ–µ–≤–∏—á –†–∏–º—Å–∫–∏–π‚Äê–ö–æ—Ä—Å–∞–∫–æ–≤,Eugene Ormandy,The Philadelphia Orchestra,1953,1
58,7,7,Suite from ‚ÄúThe Snow Maiden‚Äù,–ù–∏–∫–æ–ª–∞–π –ê–Ω–¥—Ä–µ–µ–≤–∏—á –†–∏–º—Å–∫–∏–π‚Äê–ö–æ—Ä—Å–∞–∫–æ–≤,Eugene Ormandy,The Philadelphia Orchestra,1953,1
58,8,8,"Capriccio italien, op. 45: Andante un poco rubato - Allegro moderato - Andante - Presto - Allegro moderato - Presto - Prestissimo",–ü—ë—Ç—Ä –ò–ª—å–∏—á –ß–∞–π–∫–æ–≤—Å–∫–∏–π,Eugene Ormandy,The Philadelphia Orchestra,1953,1
58,9,9,"String Quartet no. 1, op. 11: Andante cantabile",–ü—ë—Ç—Ä –ò–ª—å–∏—á –ß–∞–π–∫–æ–≤—Å–∫–∏–π,Eugene Ormandy,The Philadelphia Orchestra,1953,1
59,1,1,Tannh√§user und der S√§ngerkrieg auf Wartburg (Paris version): Overture - Venusberg Music,Richard Wagner,Eugene Ormandy,The Philadelphia Orchestra,1953,1
59,2,2,"Lohengrin, WWV 75: Akt III",Richard Wagner,Eugene Ormandy,The Philadelphia Orchestra,1953,1
59,3,3,"Die Walk√ºre, WWV 86B: Akt III, Scene I ""Hojotoho! Hojotoho!""",Richard Wagner,Eugene Ormandy,The Philadelphia Orchestra,1953,1
59,4,4,"Die Walk√ºre, WWV 86B: Akt III, Scene III ""War es so schm√§hlich, was ich verbrach""",Richard Wagner,Eugene Ormandy,The Philadelphia Orchestra,1953,1
59,5,5,"Die Meistersinger von N√ºrnberg, WWV 96: Akt III",Richard Wagner,Eugene Ormandy,The Philadelphia Orchestra,1953,1
59,6,6,"Die Meistersinger von N√ºrnberg, WWV 96: Akt III, Scene V. ""Sankt Krispin, lobet ihn!""",Richard Wagner,Eugene Ormandy,The Philadelphia Orchestra,1953,1
59,7,7,Die Meistersinger von N√ºrnberg: Entry of the Masters,Eugene Ormandy,Eugene Ormandy,The Philadelphia Orchestra,1953,1
60,1,1,"Estudiantina, op. 191: Introduction. Tempo di Valse - / I. Estudiantina (Refrain) - / II. Estudiantina (Couplet) - Chanson d'automne - / III. Jota de la Estudiantina - Tirana - / IV. De C√°diz al Puerto - El Tripili - Coda",√âmile Waldteufel,Eugene Ormandy,The Philadelphia Orchestra,1953,1
60,2,2,"Espa√±a, op. 236: Introduction. Andantino quasi Allegretto - / I. Con fuoco - Con grazia - / II. Arioso - Risoluto - / III. Leggiero - Con spirito - Amabile - / IV. Energico - Coda. Risoluto",√âmile Waldteufel,Eugene Ormandy,The Philadelphia Orchestra,1953,1
60,3,3,"Pluie de diamants, op. 160: Introduction. Polonaise - / I. Con anima - Con fuoco - / II. Scherzando - Cantabile - / III. Con espressione - Scherzando - / IV. [...] - Amabile - Coda",√âmile Waldteufel,Eugene Ormandy,The Philadelphia Orchestra,1953,1
60,4,4,"Les Patineurs, op. 183: Introduction. Andante / I. Espressivo / II. Risoluto / III. Espressivo - Grazioso / IV. Amabile / Coda. Risoluto",√âmile Waldteufel,Eugene Ormandy,The Philadelphia Orchestra,1953,1
60,5,5,Die lustige Witwe: Akt III,Franz Leh√°r,Eugene Ormandy,The Philadelphia Orchestra,1953,1
60,6,6,Das Land des L√§chelns: Akt II,Franz Leh√°r,Eugene Ormandy,The Philadelphia Orchestra,1953,1
60,7,7,Eva (das Fabriksm√§del),Franz Leh√°r,Eugene Ormandy,The Philadelphia Orchestra,1953,1
60,8,8,Die lustige Witwe: Akt II,Franz Leh√°r,Eugene Ormandy,The Philadelphia Orchestra,1953,1
60,9,9,"Gold und Silber, op. 79 (Waltz)",Franz Leh√°r,Eugene Ormandy,The Philadelphia Orchestra,1953,1
61,1,6,Ein Heldenleben,Richard Strauss,Eugene Ormandy,The Philadelphia Orchestra,1954,6
62,1,4,"Scheherazade, op. 35",–ù–∏–∫–æ–ª–∞–π –ê–Ω–¥—Ä–µ–µ–≤–∏—á –†–∏–º—Å–∫–∏–π‚Äê–ö–æ—Ä—Å–∞–∫–æ–≤,Eugene Ormandy,The Philadelphia Orchestra,1953,4
63,1,23,Ga√Æt√© parisienne,Jacques Offenbach,Eugene Ormandy,The Philadelphia Orchestra,1954,23
63,24,31,Les Sylphides,Fryderyk Chopin,Eugene Ormandy,The Philadelphia Orchestra,1954,8
64,1,3,3 Pictures for Orchestra,Virgil Thomson,Virgil Thomson,The Philadelphia Orchestra,1954,3
64,4,8,5 Songs from William Blake,Virgil Thomson,Eugene Ormandy,The Philadelphia Orchestra,1952,5
65,1,3,"Concerto for Piano and Orchestra no. 1 in C major, op. 15",Ludwig van Beethoven,Eugene Ormandy,The Philadelphia Orchestra,1954,3
65,4,6,"Concerto for Piano and Orchestra no. 3 in C minor, op. 37",Ludwig van Beethoven,Eugene Ormandy,The Philadelphia Orchestra,1953,3
66,1,3,Symphonie en r√© mineur op. 48,C√©sar Franck,Eugene Ormandy,The Philadelphia Orchestra,1953,3
67,1,3,"Symphony no. 3 in A minor, op. 44",–°–µ—Ä–≥–µ–π –í–∞—Å–∏–ª—å–µ–≤–∏—á –†–∞—Ö–º–∞–Ω–∏–Ω–æ–≤,Eugene Ormandy,The Philadelphia Orchestra,1954,3
67,4,4,"Vocalise, op. 34/14: Lentamente. Molto cantabile",–°–µ—Ä–≥–µ–π –í–∞—Å–∏–ª—å–µ–≤–∏—á –†–∞—Ö–º–∞–Ω–∏–Ω–æ–≤,Eugene Ormandy,The Philadelphia Orchestra,1954,1
68,1,1,"Bol√©ro, M 81: Tempo di Bolero moderato assai",Maurice Ravel,Eugene Ormandy,The Philadelphia Orchestra,1953,1
68,2,2,"La Valse, M 72: Mouvement de valse viennoise - Un peu plus mod√©r√© - Premier mouvement - Assez anim√©",Maurice Ravel,Eugene Ormandy,The Philadelphia Orchestra,1953,1
68,3,5,Escales,Jacques Ibert,Eugene Ormandy,The Philadelphia Orchestra,1954,3
68,6,6,"Pavane pour une infante d√©funte, M 19: Lent",Maurice Ravel,Eugene Ormandy,The Philadelphia Orchestra,1954,1
68,7,7,Suite bergamasque: No. 3: Clair de lune. Andante tr√®s expressif,Claude Debussy,Eugene Ormandy,The Philadelphia Orchestra,1954,1
68,8,8,Espa√±a. Allegro con fuoco,Emmanuel Chabrier,Eugene Ormandy,The Philadelphia Orchestra,,1
69,1,5,"Concerto for Orchestra, Sz. 116, BB 123",B√©la Bart√≥k,Eugene Ormandy,The Philadelphia Orchestra,1954,5
70,1,7,Armenian Suite,Richard Yardumian,Eugene Ormandy,The Philadelphia Orchestra,1954,7
70,8,8,Desolate City,Richard Yardumian,Eugene Ormandy,The Philadelphia Orchestra,1954,1
70,9,10,Concerto for Violin and Orchestra,Richard Yardumian,Eugene Ormandy,The Philadelphia Orchestra,1954,2
70,11,11,Symphony no. 2,Richard Yardumian,Eugene Ormandy,The Philadelphia Orchestra,1954,1
71,1,1,Symphony no. 6: Largo - Moderato con moto - Leggeramente - Adagio - Allegro risoluto - Presto - Larghissimo,William Schuman,Eugene Ormandy,The Philadelphia Orchestra,1953,1
71,2,5,Symphony no. 4,Walter Piston,Eugene Ormandy,The Philadelphia Orchestra,1954,4
72,1,2,Le Sacre du printemps,–ò–≥–æ—Ä—å –§—ë–¥–æ—Ä–æ–≤–∏—á –°—Ç—Ä–∞–≤–∏–Ω—Å–∫–∏–π,Eugene Ormandy,The Philadelphia Orchestra,1955,2
72,3,6,P√©trouchka : Tableau I. F√™te populaire de la semaine grasse,–ò–≥–æ—Ä—å –§—ë–¥–æ—Ä–æ–≤–∏—á –°—Ç—Ä–∞–≤–∏–Ω—Å–∫–∏–π,Eugene Ormandy,The Philadelphia Orchestra,1954,4
72,7,7,P√©trouchka,–ò–≥–æ—Ä—å –§—ë–¥–æ—Ä–æ–≤–∏—á –°—Ç—Ä–∞–≤–∏–Ω—Å–∫–∏–π,Eugene Ormandy,The Philadelphia Orchestra,1954,1
72,8,13,P√©trouchka : Tableau IV. F√™te populaire de la semaine grasse (vers le soir),–ò–≥–æ—Ä—å –§—ë–¥–æ—Ä–æ–≤–∏—á –°—Ç—Ä–∞–≤–∏–Ω—Å–∫–∏–π,Eugene Ormandy,The Philadelphia Orchestra,1954,6
73,1,4,"Peer Gynt Suite no. 1, op. 46",Edvard Grieg,Eugene Ormandy,The Philadelphia Orchestra,1955,4
73,5,8,"Peer Gynt Suite no. 2, op. 55",Edvard Grieg,Eugene Ormandy,The Philadelphia Orchestra,1955,4
73,9,12,"L‚ÄôArl√©sienne Suite no. 1, op. 23bis",Georges Bizet,Eugene Ormandy,The Philadelphia Orchestra,1955,4
73,13,16,L‚ÄôArl√©sienne Suite no. 2,Georges Bizet,Eugene Ormandy,The Philadelphia Orchestra,1955,4
74,1,3,"Concerto for Piano and Orchestra no. 4 in G major, op. 58",Ludwig van Beethoven,Eugene Ormandy,The Philadelphia Orchestra,1955,3
74,4,6,"Concerto for Piano and Orchestra no. 2 in B-flat major, op. 19",Ludwig van Beethoven,Eugene Ormandy,The Philadelphia Orchestra,1954,3
75,1,4,"Symphony no. 4 in A minor, op. 63",Jean Sibelius,Eugene Ormandy,The Philadelphia Orchestra,1954,4
75,5,7,"Symphony no. 5 in E-flat major, op. 82",Jean Sibelius,Eugene Ormandy,The Philadelphia Orchestra,1954,3
76,1,4,"The Bells, op. 35",–°–µ—Ä–≥–µ–π –í–∞—Å–∏–ª—å–µ–≤–∏—á –†–∞—Ö–º–∞–Ω–∏–Ω–æ–≤,Eugene Ormandy,The Philadelphia Orchestra,1954,4
76,5,5,"The Isle of the Dead, op. 29: Lento - Tranquillo - Largo - Allegro molto - Largo - Tempo I",–°–µ—Ä–≥–µ–π –í–∞—Å–∏–ª—å–µ–≤–∏—á –†–∞—Ö–º–∞–Ω–∏–Ω–æ–≤,Eugene Ormandy,The Philadelphia Orchestra,1954,1
77,1,4,"Symphony no. 4 in F minor, op. 36",–ü—ë—Ç—Ä –ò–ª—å–∏—á –ß–∞–π–∫–æ–≤—Å–∫–∏–π,Eugene Ormandy,The Philadelphia Orchestra,1953,4
78,1,2,"Fantasie und Fuge g-Moll, BWV 542",Johann Sebastian Bach,Eugene Ormandy,The Philadelphia Orchestra,1955,2
78,3,3,"Orchestersuite Nr. 3 D-Dur, BWV 1068",Johann Sebastian Bach,Eugene Ormandy,The Philadelphia Orchestra,1954,1
78,4,4,"Prelude and Fugue in C minor, BWV 546: Praeludium",Johann Sebastian Bach,Eugene Ormandy,The Philadelphia Orchestra,1954,1
78,5,5,"Prelude and Fugue in C minor, BWV 546: Fuga",Johann Sebastian Bach,Eugene Ormandy,The Philadelphia Orchestra,1954,1
78,6,6,"Kantate, BWV 156 ""Ich steh mit einem Fu√ü im Grabe""",Johann Sebastian Bach,Eugene Ormandy,The Philadelphia Orchestra,1954,1
78,7,7,"‚ÄúAch Gott, vom Himmel sieh darein‚Äù, Choral Prelude, BWV 741",Johann Sebastian Bach,Eugene Ormandy,The Philadelphia Orchestra,1954,1
78,8,8,"Fugue in G minor, BWV 578",Johann Sebastian Bach,Eugene Ormandy,The Philadelphia Orchestra,1954,1
78,9,9,"Fantasia and Fugue in C minor, BWV 537: Fantasia",Johann Sebastian Bach,Eugene Ormandy,The Philadelphia Orchestra,1954,1
78,10,10,"Fantasia and Fugue in C minor, BWV 537: Fuga",Johann Sebastian Bach,Eugene Ormandy,The Philadelphia Orchestra,1954,1
78,11,11,"‚ÄúKomm, s√º√üer Tod, komm, sel'ge Ruh!‚Äù, BWV 478",Johann Sebastian Bach,Eugene Ormandy,The Philadelphia Orchestra,1954,1
79,1,3,"Concerto in A minor for Two Violins, Cello and Strings, op. 3 no. 8, RV 522, 'Con due Violini obligati'",Antonio Vivaldi,Eugene Ormandy,The Philadelphia Orchestra,1955,3
79,4,6,"Violin Concerto in A minor, BWV 1041",Johann Sebastian Bach,Eugene Ormandy,The Philadelphia Orchestra,1956,3
79,7,9,"Konzert f√ºr Violine und Orchester E-Dur, BWV 1042",Johann Sebastian Bach,Eugene Ormandy,,1955,3
79,10,12,"Violinkonzert in e-Moll, op. 64",Felix Mendelssohn,Eugene Ormandy,The Philadelphia Orchestra,1950,3
80,1,1,Parsifal: Atto I,Richard Wagner,Eugene Ormandy,The Philadelphia Orchestra,1955,1
80,2,3,"Parsifal, WWV 111",Richard Wagner,Eugene Ormandy,The Philadelphia Orchestra,1955,2
80,4,4,"Parsifal, WWV 111: III. Aufzug, 1. Szene",Richard Wagner,Eugene Ormandy,The Philadelphia Orchestra,1955,1
80,5,5,"Parsifal, WWV 111",Richard Wagner,Eugene Ormandy,The Philadelphia Orchestra,1955,1
81,1,3,"Violinkonzert in e-Moll, op. 64",Felix Mendelssohn,Eugene Ormandy,The Philadelphia Orchestra,1955,3
81,4,6,"Concerto for Violin and Orchestra no. 4 in D major, K. 218",Wolfgang Amadeus Mozart,Eugene Ormandy,The Philadelphia Orchestra,1955,3
81,7,9,"Concerto for Violin and Orchestra in D major, op. 6, MS 21",Niccol√≤ Paganini,Eugene Ormandy,The Philadelphia Orchestra,1950,3
82,1,3,"Piano Concerto no. 2 in C minor, op. 18",–°–µ—Ä–≥–µ–π –í–∞—Å–∏–ª—å–µ–≤–∏—á –†–∞—Ö–º–∞–Ω–∏–Ω–æ–≤,Eugene Ormandy,The Philadelphia Orchestra,1956,3
82,4,4,"Pr√©lude in G major, op. 32/5: Moderato",–°–µ—Ä–≥–µ–π –í–∞—Å–∏–ª—å–µ–≤–∏—á –†–∞—Ö–º–∞–Ω–∏–Ω–æ–≤,Eugene Ormandy,The Philadelphia Orchestra,1950,1
82,5,5,"Pr√©lude in G minor, op. 23/5: Alla marcia",–°–µ—Ä–≥–µ–π –í–∞—Å–∏–ª—å–µ–≤–∏—á –†–∞—Ö–º–∞–Ω–∏–Ω–æ–≤,Eugene Ormandy,The Philadelphia Orchestra,1950,1
83,1,1,Symphony no. 7,Roy Harris,Eugene Ormandy,The Philadelphia Orchestra,1955,1
83,2,4,Symphony ‚Äú1933‚Äù,Roy Harris,–°–µ—Ä–≥–µ–π –ö—É—Å–µ–≤–∏—Ü–∫–∏–π,Boston Symphony Orchestra,1934,3
84,1,4,"Symphony no. 5 in C minor, op. 67",Ludwig van Beethoven,Eugene Ormandy,The Philadelphia Orchestra,1955,4
84,5,8,"Symphony no. 40 in G minor, K. 550 ‚ÄúGreat‚Äù",Wolfgang Amadeus Mozart,Eugene Ormandy,The Philadelphia Orchestra,1956,4
85,1,4,"Symphony no. 4, op. 51",Vincent Persichetti,Eugene Ormandy,The Philadelphia Orchestra,1954,4
85,5,8,4 Squares of Philadelphia,Louis Gesensway,Eugene Ormandy,The Philadelphia Orchestra,1955,4
86,1,1,"Pr√©lude √† l'apr√®s-midi d'un faune, L 86: Tr√®s mod√©r√©",Claude Debussy,Eugene Ormandy,The Philadelphia Orchestra,1955,1
86,2,4,"Daphnis et Chlo√©, Suite no. 2",Maurice Ravel,Eugene Ormandy,The Philadelphia Orchestra,1955,3
86,5,7,"Nocturnes, L. 91, CD 98",Claude Debussy,Eugene Ormandy,The Philadelphia Orchestra,1955,3
87,1,5,"Symphonie espagnole in D minor, op. 21",√âdouard Lalo,Eugene Ormandy,The Philadelphia Orchestra,1956,5
87,6,8,"Violin Concerto no. 1 in G minor, op. 26",Max Bruch,Eugene Ormandy,The Philadelphia Orchestra,1956,3
88,1,3,"Konzert f√ºr Violine und Orchester D-Dur, op. 77",Johannes Brahms,Eugene Ormandy,The Philadelphia Orchestra,1956,3
88,4,7,"Violin Concerto no. 4 in D minor, op. 31",Henri Vieuxtemps,Eugene Ormandy,The Philadelphia Orchestra,1957,4
89,1,4,"Symfonie ƒç. 9 e moll, op. 95 ‚ÄûZ Nov√©ho svƒõta‚Äú",Anton√≠n Dvo≈ô√°k,Eugene Ormandy,The Philadelphia Orchestra,1956,4
90,1,4,"Concerto for Piano and Orchestra no. 2 in B-flat major, op. 83",Johannes Brahms,Eugene Ormandy,The Philadelphia Orchestra,1956,4
91,1,1,"Moto perpetuo, op. 11",Niccol√≤ Paganini,Eugene Ormandy,The Philadelphia Orchestra,1955,1
91,2,2,Sacrae symphoniae - Book 1: No. 33 Sonata pian' e forte,Eugene Ormandy,Eugene Ormandy,The Philadelphia Orchestra,1955,1
91,3,3,"Concerto for Percussion and Small Orchestra, op. 109: Vif ùÖòùÖ• = 116. Rude et dramatique",Darius Milhaud,Eugene Ormandy,The Philadelphia Orchestra,1955,1
91,4,4,"Serenade in E-flat major, op. 7",Richard Strauss,Eugene Ormandy,The Philadelphia Orchestra,1955,1
91,5,6,"Serenade no. 2 in A major, op. 16",Johannes Brahms,Eugene Ormandy,The Philadelphia Orchestra,1955,2
91,7,7,"Pomp and Circumstance Military Marches, op. 39",Edward Elgar,Eugene Ormandy,The Philadelphia Orchestra,1955,1
92,1,1,Iberia: Book I. Evocaci√≥n,Isaac Alb√©niz,Eugene Ormandy,The Philadelphia Orchestra,1956,1
92,2,2,Iberia: Book I. El puerto,Isaac Alb√©niz,Eugene Ormandy,The Philadelphia Orchestra,1956,1
92,3,3,Iberia: Book I. El Corpus en Sevilla,Isaac Alb√©niz,Eugene Ormandy,The Philadelphia Orchestra,1956,1
92,4,4,Iberia: Book II. Ronde√±a,Isaac Alb√©niz,Eugene Ormandy,The Philadelphia Orchestra,1956,1
92,5,5,Iberia: Book II. Almeria,Isaac Alb√©niz,Eugene Ormandy,The Philadelphia Orchestra,1956,1
92,6,6,Iberia: Book II. Triana,Isaac Alb√©niz,Eugene Ormandy,The Philadelphia Orchestra,1956,1
92,7,7,Iberia: Book III. El Albaic√≠n,Isaac Alb√©niz,Eugene Ormandy,The Philadelphia Orchestra,1956,1
92,8,8,Iberia: Book III. El Polo,Isaac Alb√©niz,Eugene Ormandy,The Philadelphia Orchestra,1956,1
92,9,9,Iberia: Book III. Lavapi√©s,Isaac Alb√©niz,Eugene Ormandy,The Philadelphia Orchestra,1956,1
92,10,10,Iberia: Book IV. M√°laga,Isaac Alb√©niz,Eugene Ormandy,The Philadelphia Orchestra,1956,1
92,11,11,Iberia: Book IV. J√©rez,Isaac Alb√©niz,Eugene Ormandy,The Philadelphia Orchestra,1956,1
92,12,12,Iberia: Book IV. Erita√±a,Isaac Alb√©niz,Eugene Ormandy,The Philadelphia Orchestra,1956,1
93,1,1,"Third Suite from the ballet ‚ÄúGayaneh‚Äù for orchestra, op. 55",‘±÷Ä’°’¥ ‘Ω’°’π’°’ø÷Ä’µ’°’∂,Eugene Ormandy,The Philadelphia Orchestra,1956,1
93,2,5,"First Suite from the ballet ‚ÄúGayaneh‚Äù for orchestra, op. 53",‘±÷Ä’°’¥ ‘Ω’°’π’°’ø÷Ä’µ’°’∂,Eugene Ormandy,The Philadelphia Orchestra,1956,4
93,6,15,"The Comedians, op. 26",–î–º–∏—Ç—Ä–∏–π –ë–æ—Ä–∏—Å–æ–≤–∏—á –ö–∞–±–∞–ª–µ–≤—Å–∫–∏–π,Eugene Ormandy,The Philadelphia Orchestra,1956,10
94,1,8,Appalachian Spring Suite,Aaron Copland,Eugene Ormandy,The Philadelphia Orchestra,1954,8
94,9,15,Billy the Kid,Aaron Copland,Eugene Ormandy,The Philadelphia Orchestra,1955,7
95,1,1,Die Fledermaus,Johann Strauss,Eugene Ormandy,The Philadelphia Orchestra,1952,1
95,2,2,Die Fledermaus: Suite,Eugene Ormandy,Eugene Ormandy,The Philadelphia Orchestra,1955,1
95,3,3,"Tausend und eine Nacht, op. 346 (Waltz)",Johann Strauss,Eugene Ormandy,The Philadelphia Orchestra,1955,1
95,4,4,"Sph√§renkl√§nge, op. 235 (Waltz)",Josef Strauss,Eugene Ormandy,The Philadelphia Orchestra,1955,1
95,5,5,"Schwert und Leier, op. 71 (Waltz)",Josef Strauss,Eugene Ormandy,The Philadelphia Orchestra,1955,1
95,6,6,"Kaiser-Walzer, op. 437",Johann Strauss,Eugene Ormandy,The Philadelphia Orchestra,1956,1
95,7,7,"An der sch√∂nen blauen Donau, op. 314",Johann Strauss,Eugene Ormandy,The Philadelphia Orchestra,1957,1
95,8,8,"Rosen aus dem S√ºden, op. 388 (Waltz)",Johann Strauss,Eugene Ormandy,The Philadelphia Orchestra,1956,1
96,1,3,"Concerto for Piano and Orchestra in A minor, op. 54",Robert Schumann,Eugene Ormandy,The Philadelphia Orchestra,1956,3
96,4,4,"Burleske for Piano and Orchestra in D minor, TrV 145",Richard Strauss,Eugene Ormandy,The Philadelphia Orchestra,1955,1
97,1,1,"Don Juan, op. 20: Allegro molto con brio",Richard Strauss,Eugene Ormandy,The Philadelphia Orchestra,1955,1
97,2,2,Der Rosenkavalier: Waltzes,Richard Strauss,Eugene Ormandy,The Philadelphia Orchestra,1952,1
97,3,3,"Till Eulenspiegel lustige Streiche, op. 28: Gem√§chlich -",Richard Strauss,Eugene Ormandy,The Philadelphia Orchestra,1952,1
97,4,4,"Till Eulenspiegel lustige Streiche, op. 28: Immer sehr lebhaft -",Richard Strauss,Eugene Ormandy,The Philadelphia Orchestra,1952,1
97,5,5,"Till Eulenspiegel lustige Streiche, op. 28: Etwas gem√ºtlicher -",Richard Strauss,Eugene Ormandy,The Philadelphia Orchestra,1952,1
97,6,6,"Till Eulenspiegel lustige Streiche, op. 28: 4 bars before fig. 38 -",Richard Strauss,Eugene Ormandy,The Philadelphia Orchestra,1952,1
97,7,7,"Till Eulenspiegel lustige Streiche, op. 28: Epilog. Doppelt so langsam",Richard Strauss,Eugene Ormandy,The Philadelphia Orchestra,1952,1
97,8,8,"Feuersnot, op. 50: Love Scene",Richard Strauss,Eugene Ormandy,The Philadelphia Orchestra,1952,1
98,1,3,Credendum (Article of Faith),William Schuman,Eugene Ormandy,The Philadelphia Orchestra,1956,3
98,4,6,Concerto for Piano and Orchestra no. 1,Leon Kirchner,,New York Philharmonic,1956,3
99,1,4,"Serenade for Strings in C major, op. 48",–ü—ë—Ç—Ä –ò–ª—å–∏—á –ß–∞–π–∫–æ–≤—Å–∫–∏–π,Eugene Ormandy,The Strings of the Philadelphia Orchestra,1952,4
99,5,5,String Quartet no. 2: Notturno,–ê–ª–µ–∫—Å–∞–Ω–¥—Ä –ü–æ—Ä—Ñ–∏—Ä—å–µ–≤–∏—á –ë–æ—Ä–æ–¥–∏–Ω,Eugene Ormandy,The Strings of the Philadelphia Orchestra,1957,1
99,6,6,Adagio for Strings. Molto adagio,Samuel Barber,Eugene Ormandy,The Strings of the Philadelphia Orchestra,1957,1
99,7,7,Fantasia on ‚ÄúGreensleeves‚Äù,Ralph Vaughan Williams,Eugene Ormandy,The Philadelphia Orchestra,1957,1
100,1,4,"Symphony no. 3 in B minor, op. 42 ""Il'ya Muromets""",–†–µ–π–Ω–≥–æ–ª—å–¥ –ú–æ—Ä–∏—Ü–µ–≤–∏—á –ì–ª–∏—ç—Ä,Eugene Ormandy,The Philadelphia Orchestra,1956,4
101,1,4,"Swan Lake, op. 20: Act I",–ü—ë—Ç—Ä –ò–ª—å–∏—á –ß–∞–π–∫–æ–≤—Å–∫–∏–π,Eugene Ormandy,The Philadelphia Orchestra,1956,4
101,5,5,"Swan Lake, op. 20: Act II",–ü—ë—Ç—Ä –ò–ª—å–∏—á –ß–∞–π–∫–æ–≤—Å–∫–∏–π,Eugene Ormandy,The Philadelphia Orchestra,1956,1
101,6,8,"Swan Lake, op. 20: Act II, no. 13: Danses des cygnes",–ü—ë—Ç—Ä –ò–ª—å–∏—á –ß–∞–π–∫–æ–≤—Å–∫–∏–π,Eugene Ormandy,The Philadelphia Orchestra,1956,3
101,9,11,"Swan Lake, op. 20: Act III",–ü—ë—Ç—Ä –ò–ª—å–∏—á –ß–∞–π–∫–æ–≤—Å–∫–∏–π,Eugene Ormandy,The Philadelphia Orchestra,1956,3
101,12,13,"Swan Lake, op. 20: Act IV",–ü—ë—Ç—Ä –ò–ª—å–∏—á –ß–∞–π–∫–æ–≤—Å–∫–∏–π,Eugene Ormandy,The Philadelphia Orchestra,1956,2
102,1,1,Armida,Tommaso Traetta,Eugene Ormandy,The Philadelphia Orchestra,1954,1
102,2,2,Orpheus in the Underworld,Carl Binder,Eugene Ormandy,The Philadelphia Orchestra,1954,1
102,3,3,Prodan√° nevƒõsta,Bed≈ôich Smetana,Eugene Ormandy,The Philadelphia Orchestra,1953,1
102,4,4,Mignon,Ambroise Thomas,Eugene Ormandy,The Philadelphia Orchestra,1953,1
102,5,5,Die Sch√∂ne Galath√©e,Franz von Supp√©,Eugene Ormandy,The Philadelphia Orchestra,1954,1
102,6,6,Leichte Kavallerie,Franz von Supp√©,Alexander Hilsberg,The Philadelphia Orchestra,1952,1
102,7,7,"Le Carnaval romain, op. 9: Allegro assai con fuoco ‚Äì Andante sostenuto ‚Äì Tempo I. Allegro vivace",Hector Berlioz,Alexander Hilsberg,The Philadelphia Orchestra,1952,1
103,1,3,"Violin Concerto no. 2 in D minor, op. 22",Henryk Wieniawski,Eugene Ormandy,The Philadelphia Orchestra,1957,3
103,4,4,"Introduction et Rondo capriccioso in A minor, op. 28: Andante (malinconico) - Allegro ma non troppo - Pi√π allegro",Camille Saint‚ÄêSa√´ns,Eugene Ormandy,The Philadelphia Orchestra,1957,1
103,5,5,"Tzigane, M 76: Lento, quasi cadenza - Molto espressivo. Portando - Quasi cadenza - Moderato - Allegro - Sempre accelerando - Presto",Maurice Ravel,Eugene Ormandy,The Philadelphia Orchestra,1957,1
104,1,4,"Symphony no. 3 in C minor ‚Äúavec orgue‚Äù, op. 78",Camille Saint‚ÄêSa√´ns,Eugene Ormandy,The Philadelphia Orchestra,1956,4
105,1,2,"Symphony no. 8 in B minor, D. 759 ‚ÄúUnfinished‚Äù",Franz Schubert,Eugene Ormandy,The Philadelphia Orchestra,1956,2
105,3,6,"Ein Sommernachtstraum, op. 61",Felix Mendelssohn,Eugene Ormandy,The Philadelphia Orchestra,1957,4
106,1,1,"The Red Poppy Suite, op. 70",–†–µ–π–Ω–≥–æ–ª—å–¥ –ú–æ—Ä–∏—Ü–µ–≤–∏—á –ì–ª–∏—ç—Ä,Eugene Ormandy,The Philadelphia Orchestra,1957,1
106,2,2,Prodan√° nevƒõsta: Act I,Bed≈ôich Smetana,Eugene Ormandy,The Philadelphia Orchestra,1953,1
106,3,4,"Three Dances from ""The Bartered Bride""",Bed≈ôich Smetana,Eugene Ormandy,The Philadelphia Orchestra,1953,2
106,5,6,"21 Hungarian Dances for Orchestra, WoO 1",Johannes Brahms,Eugene Ormandy,The Philadelphia Orchestra,1953,2
106,7,11,Hungarian Dances for orchestra,Johannes Brahms,Eugene Ormandy,The Philadelphia Orchestra,1957,5
106,12,12,"Third Suite from the ballet ‚ÄúGayaneh‚Äù for orchestra, op. 55",‘±÷Ä’°’¥ ‘Ω’°’π’°’ø÷Ä’µ’°’∂,Eugene Ormandy,The Philadelphia Orchestra,1956,1
107,1,1,"En Saga, op. 9",Jean Sibelius,Eugene Ormandy,The Philadelphia Orchestra,1955,1
107,2,2,"Pohjola's Daughter, op. 49",Jean Sibelius,Eugene Ormandy,The Philadelphia Orchestra,1955,1
107,3,3,"The Oceanides, op. 73: Sostenuto assai",Jean Sibelius,Eugene Ormandy,The Philadelphia Orchestra,1955,1
107,4,4,"Tapiola, op. 112: Largamente - Allegro - Allegro modera",Jean Sibelius,Eugene Ormandy,The Philadelphia Orchestra,1955,1
107,5,5,"Swedish Rhapsody no. 1 ‚ÄúMidsommarvaka‚Äù, op. 19",Hugo Alfv√©n,Eugene Ormandy,The Philadelphia Orchestra,1953,1
107,6,7,"Peer Gynt Suite no. 1, op. 46",Edvard Grieg,Eugene Ormandy,The Philadelphia Orchestra,1953,2
108,1,2,"Rapsodiile rom√¢ne, op. 11",George Enescu,Eugene Ormandy,The Philadelphia Orchestra,1957,2
108,3,3,"Carnival, op. 92: Allegro - Andante con moto - Allegro",Anton√≠n Dvo≈ô√°k,Eugene Ormandy,The Philadelphia Orchestra,1957,1
108,4,4,"Francesca da Rimini, op. 32: Andante lugubre - Allegro vivo - Andante cantabile non troppo - Allegro vivo",–ü—ë—Ç—Ä –ò–ª—å–∏—á –ß–∞–π–∫–æ–≤—Å–∫–∏–π,Eugene Ormandy,The Philadelphia Orchestra,1955,1
109,1,1,"Zigeunerweisen, op. 20: Moderato -",Pablo de Sarasate,William Smith,Columbia Symphony Orchestra,1957,1
109,2,2,"Zigeunerweisen, op. 20: Lento -",Pablo de Sarasate,William Smith,Columbia Symphony Orchestra,1957,1
109,3,3,"Zigeunerweisen, op. 20: Un peu plus lent -",Pablo de Sarasate,William Smith,Columbia Symphony Orchestra,1957,1
109,4,4,"Zigeunerweisen, op. 20: Allegro molto vivace",Pablo de Sarasate,William Smith,Columbia Symphony Orchestra,1957,1
109,5,7,"Havanaise in E major, op. 83",Camille Saint‚ÄêSa√´ns,William Smith,Columbia Symphony Orchestra,1957,3
109,8,8,"Introduction et Rondo capriccioso in A minor, op. 28: Andante (malinconico) - Allegro ma non troppo - Pi√π allegro",Camille Saint‚ÄêSa√´ns,Eugene Ormandy,The Philadelphia Orchestra,1950,1
109,9,9,"Po√®me, op. 25: Lento e misterioso - Molto animato - Animato - Poco lento - Poco meno lento - Allegro - Tempo I - Tranquillo",Ernest Chausson,Eugene Ormandy,The Philadelphia Orchestra,1957,1
110,1,1,"M√° vlast, JB 1:112",Bed≈ôich Smetana,Eugene Ormandy,The Philadelphia Orchestra,1956,1
110,2,2,"Aufforderung zum Tanz, op. 65",Carl Maria von Weber,Eugene Ormandy,The Philadelphia Orchestra,1957,1
110,3,3,"Deux √©pisodes d‚Äôapr√®s le Faust de Lenau, S. 110",Franz Liszt,Eugene Ormandy,The Philadelphia Orchestra,1957,1
110,4,4,"La Damnation de Faust, op. 24: Troisi√®me Partie",Hector Berlioz,Eugene Ormandy,The Philadelphia Orchestra,1953,1
110,5,5,"La Damnation de Faust, op. 24: Deuxi√®me Partie",Hector Berlioz,Eugene Ormandy,The Philadelphia Orchestra,1953,1
110,6,6,"La Damnation de Faust, op. 24: Premi√®re Partie",Hector Berlioz,Eugene Ormandy,The Philadelphia Orchestra,1953,1
111,1,1,"Variations, Chaconne and Finale: Theme (Kyrie from Missa de Angelis) / Var. I. Semplice e grazioso / Var. II. Andante religioso / Var. III. Vivacissimo / Var. IV. Allegro pesante / Var. V. Amabile / Var. VI. Funebre",Norman Dello Joio,Eugene Ormandy,The Philadelphia Orchestra,1957,1
111,2,2,"Variations, Chaconne and Finale: Chaconne. Adagio serioso",Norman Dello Joio,Eugene Ormandy,The Philadelphia Orchestra,1957,1
111,3,3,"Variations, Chaconne and Finale: Finale. Allegro vivo, giocoso e ritmico",Norman Dello Joio,Eugene Ormandy,The Philadelphia Orchestra,1957,1
111,4,4,Symphony in D,John Vincent,Eugene Ormandy,The Philadelphia Orchestra,1957,1
112,1,4,"Symphony no. 1 in D major, op. 25 ‚ÄúClassical‚Äù",–°–µ—Ä–≥–µ–π –°–µ—Ä–≥–µ–µ–≤–∏—á –ü—Ä–æ–∫–æ—Ñ—å–µ–≤,Eugene Ormandy,The Philadelphia Orchestra,1955,4
112,5,6,"Polka and Fugue From ""Schwanda the Bagpiper""",Jarom√≠r Weinberger,Eugene Ormandy,The Philadelphia Orchestra,1955,2
112,7,10,Symphonie no. 1 en ut majeur,Georges Bizet,Eugene Ormandy,The Philadelphia Orchestra,1955,4
113,1,1,Don Quixote,Richard Strauss,Eugene Ormandy,The Philadelphia Orchestra,1955,1
113,2,12,"Don Quixote, op. 35: II. Theme and Variations",Richard Strauss,Eugene Ormandy,The Philadelphia Orchestra,1955,11
113,13,13,Don Quixote,Richard Strauss,Eugene Ormandy,The Philadelphia Orchestra,1955,1
114,1,4,"Symphony no. 99 in E-flat major, Hob. I:99",Joseph Haydn,Eugene Ormandy,The Philadelphia Orchestra,1954,4
114,5,8,"Symphony no. 100 in G major, Hob. I:100 ""Military""",Joseph Haydn,Eugene Ormandy,The Philadelphia Orchestra,1953,4
115,1,3,"Concerto for Piano and Orchestra no. 5 in E-flat major, op. 73 ‚ÄúEmperor‚Äù",Ludwig van Beethoven,Eugene Ormandy,The Philadelphia Orchestra,1958,3
116,1,1,"Der Rosenkavalier, TrV 227d: Prelude to Act I. Con moto agitato - attacca / Presentation of the Silver Rose. Allegro molto - attacca / Baron Ochs's Waltz. Tempo di valse, assai comodo da primo - attacca / Closing Duet: ‚ÄúIst ein Traum‚Äù. Moderato molto sostenuto - attacca / Waltz (Reprise)",Richard Strauss,Eugene Ormandy,The Philadelphia Orchestra,1958,1
116,2,2,"Die Frau ohne Schatten: Symphonic Fantasia, TrV 234a",Richard Strauss,Eugene Ormandy,The Philadelphia Orchestra,1957,1
117,1,1,Panamericana: Molto moderato e marcato,Victor Herbert,Eugene Ormandy,The Philadelphia Orchestra,1952,1
117,2,2,American Fantasy,Victor Herbert,Eugene Ormandy,The Philadelphia Orchestra,1952,1
117,3,3,Irish Rhapsody,Victor Herbert,Eugene Ormandy,The Philadelphia Orchestra,1952,1
117,4,4,Naughty Marietta: Selections,Victor Herbert,Eugene Ormandy,The Philadelphia Orchestra,1952,1
117,5,5,The Fortune Teller: Selections,Victor Herbert,Eugene Ormandy,The Philadelphia Orchestra,1952,1
118,1,4,"Symphony no. 6 in F major, op. 68 ‚ÄúPastorale‚Äù",Ludwig van Beethoven,Bruno Walter,The Philadelphia Orchestra,1946,4
118,5,5,"Symphony no. 6 in F major, op. 68 ""Pastoral"", S. 464 no. 6",Ludwig van Beethoven,Bruno Walter,The Philadelphia Orchestra,1946,1
118,6,7,"Symphony no. 8 in B minor, D. 759 ‚ÄúUnfinished‚Äù",Franz Schubert,Bruno Walter,The Philadelphia Orchestra,1947,2
119,1,1,Show Boat,Jerome Kern,Andr√© Kostelanetz,The Philadelphia Orchestra,1951,1
119,2,2,South Pacific,Richard Rodgers,Andr√© Kostelanetz,The Philadelphia Orchestra,1951,1
119,3,3,On Your Toes,Richard Rodgers,Andr√© Kostelanetz,The Philadelphia Orchestra,1951,1
119,4,12,The Triumph of Neptune,"Gerald Tyrwhitt‚ÄêWilson, Lord Berners",Sir Thomas Beecham,The Philadelphia Orchestra,1952,9
119,13,13,Semiramide,Gioachino Rossini,Sir Thomas Beecham,The Philadelphia Orchestra,1952,1
120,1,1,"Symphony no. 40 in G minor, K. 550 ‚ÄúGreat‚Äù",Wolfgang Amadeus Mozart,Charles O‚ÄôConnell,Columbia Symphony Orchestra,,1
120,2,2,"Symphony no. 3 in E‚Äêflat major, op. 55 ‚ÄúEroica‚Äù",Ludwig van Beethoven,Charles O‚ÄôConnell,Columbia Symphony Orchestra,,1
120,3,3,"Symphony no. 3 in A minor, op. 56 ‚ÄúScottish‚Äù",Felix Mendelssohn,Charles O‚ÄôConnell,Columbia Symphony Orchestra,,1
120,4,4,"Sinfonie Nr. 1 c-Moll, op. 68",Johannes Brahms,Charles O‚ÄôConnell,Columbia Symphony Orchestra,,1
120,5,5,"Scheherazade, op. 35",–ù–∏–∫–æ–ª–∞–π –ê–Ω–¥—Ä–µ–µ–≤–∏—á –†–∏–º—Å–∫–∏–π‚Äê–ö–æ—Ä—Å–∞–∫–æ–≤,Charles O‚ÄôConnell,Columbia Symphony Orchestra,,1
120,6,6,"Sinfonia nro 2 D-duuri, op. 43",Jean Sibelius,Charles O‚ÄôConnell,Columbia Symphony Orchestra,,1
120,7,7,Symphonie en r√© mineur op. 48,C√©sar Franck,Charles O‚ÄôConnell,Columbia Symphony Orchestra,,1
120,8,8,"Symphony no. 4 in F minor, op. 36",–ü—ë—Ç—Ä –ò–ª—å–∏—á –ß–∞–π–∫–æ–≤—Å–∫–∏–π,Charles O‚ÄôConnell,Columbia Symphony Orchestra,,1
